time,SP2206,HS2601,FF1107,HL1301,GC2408,LB0303,SE1208,LA1404,KA1406,WM0403,JP1906,SJ1006,ST0412,RJ1612,SL2009,AA0509,IV2507,PS2810,VK3004,SF2004,EF0410,FJ1809,AL1606,FY2803,BC0611,MJP1611,ZM311,BE1110,WB2110,HA2610,WV0510,KL1507,SC2404,HJ1011,KT1809,SJ0507,PE1605,,,,,
00:10,,,0.2838,0.4576,0.5525,,,0.4760,0.4434,,,,,,,0.2978,,,0.4400,,,,,,0.2804,,1.0633,,0.4525,,,0.5052,,,,,0.2920,,,,,
00:15,0.2229,0.7534,0.2634,0.3973,0.4096,,,0.4870,0.1652,0.6239,0.7265,0.6447,0.3881,0.5872,0.4466,0.3668,0.7831,0.7287,0.4100,0.8304,0.4525,0.2981,,0.2718,0.2804,,0.4967,0.2600,1.0723,,0.4100,0.3362,0.4922,0.1564,0.6096,0.3304,0.4477,,,,,
00:20,0.3048,0.4161,0.3817,0.3574,0.5690,0.4916,,0.5282,0.5146,0.3336,0.7234,0.5181,0.3340,0.5888,0.6915,0.2681,0.4938,0.4864,0.4600,0.3524,0.4525,0.3554,0.2464,0.2718,0.1017,0.1700,0.4237,0.5000,0.8859,,0.4200,0.4192,0.6835,0.1934,0.5582,0.4273,0.3308,,,,,
00:25,0.3150,0.5138,0.3700,0.4220,0.4557,0.4083,,0.3058,1.1328,0.4298,0.7594,0.4048,0.3455,0.5888,0.3018,0.2806,0.8246,0.6555,0.3900,0.5610,0.4329,0.4305,0.2464,0.2718,0.3538,0.1700,0.9174,0.3600,0.2701,0.4041,0.4700,0.5042,0.3876,0.3326,0.5029,0.3984,0.3308,,,,,
00:30,0.3483,0.6356,0.3623,0.2511,0.4402,0.2652,,0.3567,0.3735,0.2910,0.8842,0.5212,0.5580,0.4721,0.4117,0.3123,0.6595,0.5660,0.3700,0.7352,0.1798,0.4140,0.3124,0.1767,0.2126,0.1900,0.3659,0.6300,0.4624,0.6804,0.4400,0.4638,0.0961,0.2769,0.3081,0.4987,0.4539,,,,,
00:35,0.3483,0.5717,0.3175,0.3716,0.4333,0.4153,,0.4378,0.5013,0.1545,0.8322,0.4464,0.5615,0.1324,0.6468,0.3268,1.0344,0.5660,0.2800,0.4133,0.1798,0.3520,0.4568,0.1468,0.1920,0.1900,0.4541,0.1100,0.4382,0.3466,0.4800,0.4860,0.5805,0.2938,0.3353,0.3879,0.4539,,,,,
00:40,0.6280,0.5554,0.3503,0.3758,0.7836,0.3842,,0.4477,0.3817,0.2242,0.7205,0.4759,0.4574,0.6152,0.6504,0.3558,0.4783,0.0000,0.1700,0.0703,0.4939,0.3723,0.4015,0.0643,0.3018,0.4200,0.4077,0.3200,0.5505,0.1821,0.3400,0.5734,0.7182,0.3198,0.3670,0.3668,0.2794,,,,,
00:45,0.3851,0.4278,0.3845,0.3367,0.6623,0.2472,,0.3258,0.0000,0.4736,0.6844,0.4859,0.6716,0.6147,0.2872,0.2868,0.5459,0.6056,0.3300,0.8375,0.4939,0.3708,0.4015,0.0643,0.1978,0.6100,0.9215,0.3300,0.8459,0.1821,0.4000,0.4533,0.3417,0.5758,0.4258,0.4129,0.8181,,,,,
00:50,0.2764,0.9293,0.3570,0.4214,0.7043,0.3453,,0.3082,0.0000,0.3919,0.6585,0.4450,0.4411,0.2279,0.2726,0.3229,0.8383,0.6056,0.2600,0.6045,0.1554,0.3231,0.3388,0.2314,0.2932,0.2700,1.0238,0.4000,0.4627,0.4641,0.4200,0.3394,1.0598,0.2525,0.4258,0.3093,0.4142,,,,,
00:55,0.4826,0.7922,0.4979,0.3998,0.7101,0.4169,,0.1943,1.0642,0.3064,0.5925,0.4047,0.4489,0.2652,0.7297,0.3300,0.5256,0.7632,0.4300,0.8296,0.0683,0.3335,0.2691,0.1819,0.4394,0.3900,0.3045,0.1800,0.2594,0.4641,0.4100,0.2514,0.4322,0.3136,0.4579,0.4859,0.5515,,,,,
01:00,0.5459,0.5716,0.4166,0.4228,0.8361,0.3725,,0.3539,0.4044,0.4126,0.6093,0.4047,0.3423,0.5106,0.4690,0.3424,0.5257,0.6033,0.4400,0.3668,1.0547,0.3989,0.2691,0.1819,0.2151,0.3900,0.0000,0.3700,0.3629,0.2068,0.7300,0.3299,0.1109,0.4142,0.2702,0.3978,0.6834,,,,,
01:05,0.4641,0.5439,0.3092,0.4755,0.5488,0.6057,,0.3827,0.5946,0.3318,0.5770,0.8871,0.4559,0.3820,0.8317,0.4302,0.4577,0.7770,0.5000,0.8290,1.0547,0.3321,0.4800,0.1766,0.3803,0.9600,0.0000,0.7100,0.6560,0.0800,0.4500,0.3962,0.8311,0.4890,0.1977,0.6706,0.6067,,,,,
01:10,0.6350,0.4849,0.3871,0.5712,0.5891,0.7259,,0.6287,0.5688,0.5810,0.7763,0.4967,0.6382,0.3818,0.6940,0.5354,1.0644,0.7693,0.5200,0.4093,0.1497,0.5175,0.5948,0.1005,0.3357,1.8900,0.0000,0.8900,1.1771,0.6673,0.5000,0.4389,1.2888,0.6515,0.2604,0.7227,0.7504,,,,,
01:15,0.8190,0.6971,0.5802,0.9311,1.0970,0.8711,,0.3816,0.8262,0.6963,0.9409,1.2142,0.6070,0.5502,1.1030,0.6179,0.8542,0.6804,0.8300,0.6213,1.2495,0.6083,0.9948,0.0811,0.8555,1.3300,1.6227,0.9100,1.4225,1.4982,0.8000,1.2711,0.5892,1.1013,0.8089,0.4754,0.9047,,,,,
01:20,0.9848,1.0180,0.7342,1.3186,1.0814,0.9074,,0.1712,1.3460,0.8649,1.0728,1.2760,0.9064,0.5427,1.4509,0.9501,0.9100,1.1409,1.2300,0.9122,1.0446,0.6660,1.2198,0.0811,0.9367,0.7900,1.5546,1.1300,1.4794,0.9088,0.8200,1.1221,1.7586,0.9912,1.3261,1.1872,0.9448,,,,,
01:25,1.0997,1.1846,0.7616,0.9346,1.2039,1.0708,,0.5855,1.0116,1.0729,1.2495,1.3033,1.0930,0.9087,1.3220,0.9885,1.1433,1.8604,1.4200,1.1550,0.3266,0.8338,1.4021,1.4320,1.1842,1.0300,1.5177,1.1900,1.5109,1.3022,1.0100,1.4232,2.4050,1.1049,1.2039,1.3450,1.5795,,,,,
01:30,0.9762,1.2941,0.8539,1.3564,1.2428,1.1591,,0.5855,1.3247,0.8679,1.2942,1.5499,1.5521,2.7787,1.3696,0.9455,0.9720,1.9036,1.1700,1.6041,0.4455,0.8194,1.3906,1.2990,1.0298,1.2200,1.3458,1.5100,1.5786,1.4736,0.8800,1.2956,1.9733,0.9952,1.0068,1.0127,1.8058,,,,,
01:35,1.1654,1.2955,1.0862,1.3597,1.3372,1.3320,,1.1658,1.5413,0.8904,1.4340,1.8499,1.3058,2.2421,1.4482,1.0849,1.4697,2.1200,1.2500,1.7579,2.1738,1.1412,1.2141,1.5214,1.2837,1.4600,1.9961,1.5900,1.9175,1.2475,1.3000,1.3141,2.0415,1.1647,1.2077,1.4369,2.0756,,,,,
01:40,1.3804,1.3922,1.2748,1.5712,1.3420,1.6675,,1.5926,1.5319,1.0150,1.9485,2.4701,1.4857,1.7351,1.7592,1.3833,2.0924,2.0357,1.4400,2.5247,2.9532,1.1871,1.9239,1.7977,1.3886,1.8800,2.3101,1.8500,1.8396,1.7358,1.4800,1.5196,2.0210,1.0262,1.3511,1.3433,2.2070,,,,,
01:45,1.4500,1.5546,1.4276,1.6780,1.5985,1.4894,,1.5100,1.7337,1.3055,2.2993,2.8065,1.9249,1.7400,1.9002,1.5084,1.8017,2.4327,1.6500,2.4480,1.6484,1.2798,2.1468,1.8352,1.5747,2.1000,2.4058,2.0400,2.2462,1.8453,1.6300,1.4740,2.3110,1.8799,1.3661,1.8080,2.3118,,,,,
01:50,1.7845,1.7364,1.6630,1.8434,1.7682,1.8852,,1.1737,2.0422,2.0473,2.5350,2.9390,1.7449,2.2527,2.2837,1.6959,2.1727,2.8429,1.6500,2.6061,2.1184,1.3807,2.0152,2.0890,1.7434,2.3800,2.7129,2.1100,2.0910,2.3016,1.9300,2.2748,2.8785,1.4628,1.7873,1.8328,2.4680,,,,,
01:55,1.8789,1.8086,1.7492,1.9549,1.9075,2.1570,,1.4571,2.3143,1.5980,2.6094,2.8655,1.9351,2.7451,2.4493,1.6996,2.5060,2.7609,1.7700,2.5225,2.1638,1.4279,2.2552,2.2906,1.5688,2.4000,2.9336,2.1900,2.3174,2.4321,1.9700,2.5136,2.6809,1.5736,2.0484,1.8642,2.3577,,,,,
02:00,1.8179,1.9061,1.4669,2.1276,2.0401,1.9759,,1.9916,2.8513,1.8924,2.5025,3.2239,2.3544,2.5658,2.5328,1.7698,2.6155,3.3624,2.0000,2.6686,2.1590,1.3157,2.1633,2.2053,1.7855,2.9400,2.9650,2.2600,1.9667,2.4669,2.1500,2.5266,2.4905,1.8639,2.0966,2.0840,2.3274,,,,,
02:05,1.8908,2.0016,1.7198,2.0198,1.9855,2.0047,,1.8664,2.6918,1.8611,2.5135,3.4326,2.2446,2.9512,2.5186,1.9075,2.0059,2.9909,2.0300,2.8792,2.4844,1.6388,2.2203,1.1598,1.9063,2.3200,3.2031,2.1900,2.3413,2.4678,2.0200,2.6035,2.8679,1.6639,2.0324,1.8473,2.3814,,,,,
02:10,2.0172,1.9002,1.7527,1.8886,1.9891,2.4546,,2.3253,2.6054,1.8803,2.5100,3.2276,2.3889,3.7023,2.6480,1.9056,2.6472,2.6741,2.1200,2.7288,2.2171,1.5242,2.1325,2.8953,1.9756,2.4000,2.7563,2.2400,2.2469,2.4292,2.1100,2.2779,2.7269,1.6590,2.0482,2.0765,2.4418,,,,,
02:15,1.8589,1.8812,1.8524,1.8857,2.1235,2.1431,,2.5234,2.4508,2.0946,2.6188,2.5798,2.3552,2.9968,2.6068,1.9802,2.4584,3.2122,2.0900,2.7911,2.9687,1.4385,2.2045,2.7350,1.8776,2.8500,2.8033,2.3500,2.3812,2.7798,2.0500,2.7561,2.5417,1.7572,2.2707,2.1135,2.3396,,,,,
02:20,1.8548,1.7484,1.7241,1.9919,2.0690,2.0240,,2.6733,2.8285,2.0626,2.6698,3.3448,2.3613,3.0887,2.5115,1.9319,2.6316,2.9868,2.1100,2.6413,2.6286,1.4736,2.2238,2.7412,1.8153,2.5600,2.8536,2.3200,3.3282,2.6136,2.0200,2.2786,3.1789,1.9029,2.1967,2.0613,2.3859,,,,,
02:25,1.8922,1.7783,1.8465,2.0698,2.0509,1.7939,,2.3353,2.9757,2.0277,2.7123,3.4571,2.4346,3.0911,2.6201,1.9288,2.2727,2.9757,2.0600,2.8428,2.3921,1.5098,2.3035,2.5740,1.7458,2.6600,2.6704,2.3100,2.9905,2.7458,2.2000,2.6164,2.6470,1.8423,2.2044,2.0252,2.5590,,,,,
02:30,1.9520,1.7918,1.7749,2.2571,2.0476,2.4428,,2.8703,2.8491,2.1119,2.6698,3.3833,2.4834,2.8926,2.5982,2.0142,2.5175,2.9656,2.1600,2.4398,2.5412,1.4398,2.1707,2.5955,1.7979,2.6600,2.8344,2.3200,2.5790,2.6209,2.0900,2.6335,2.7672,1.7872,2.2545,2.0709,2.4995,,,,,
02:35,1.8093,1.9694,1.7754,2.0160,1.9949,2.2422,,2.8685,2.5849,2.1314,2.6406,3.4908,2.3447,2.9960,2.4013,1.9654,2.5066,2.7904,1.9700,2.6871,2.4607,1.8329,2.3986,2.4186,1.9605,2.4800,2.6026,2.4400,2.6642,2.5848,2.1300,2.7139,2.3252,1.8172,2.2775,2.0612,2.4119,,,,,
02:40,1.8675,1.7927,1.8114,2.0346,2.0999,1.9917,,2.9618,2.5379,2.0776,2.6035,3.2642,2.4749,3.5516,2.6905,1.9714,2.3793,2.8359,1.9800,2.7052,2.5645,1.7621,1.8727,2.5369,1.6345,2.7500,2.5276,2.2000,2.5274,2.6194,2.1300,2.6182,2.7820,1.8149,2.1994,2.4028,2.3864,,,,,
02:45,1.7427,1.8362,1.7660,1.9902,2.1323,2.0296,2.8275,2.8635,2.5547,2.0861,2.5891,3.3702,2.4825,3.4347,2.6071,1.8494,2.1212,3.1087,2.0100,2.4550,2.5182,1.5481,2.6176,2.7696,1.7693,2.8600,2.2949,2.2000,2.5921,2.6066,2.0500,2.4996,3.0180,1.7676,2.2498,2.1482,2.3688,,,,,
02:50,1.7769,1.8473,1.7785,2.0004,1.9180,2.0213,2.8517,2.6187,2.7378,2.2162,2.6947,3.3497,2.5575,3.3158,2.6088,1.9182,2.6407,2.7450,2.0200,2.8681,2.6120,1.5319,2.2606,2.4888,1.7459,2.7300,2.8131,2.2600,2.4625,2.6654,2.1300,2.4176,2.6052,1.7048,2.2355,2.0578,2.4374,,,,,
02:55,1.9426,1.8183,1.8390,1.8336,2.2748,2.1395,2.7184,2.9457,2.6949,2.1570,2.5703,3.3569,2.5802,3.3526,2.5226,1.9355,2.4916,2.6981,2.0100,2.2844,2.2080,1.6779,2.0583,2.8709,1.9385,2.6200,2.6330,2.2100,2.3869,2.5391,2.0100,2.2743,2.7319,1.8429,2.0504,1.9208,2.4914,,,,,
03:00,1.8477,1.8682,1.7824,2.1884,2.1924,2.0727,2.5168,2.6981,2.5551,2.0862,2.5717,3.2125,2.5656,3.2564,2.6254,1.9669,2.6278,3.0446,1.9300,2.5786,2.6483,1.6778,2.2241,2.8413,1.9343,2.4300,2.8294,2.2100,2.4412,2.5621,2.0500,2.3330,2.8000,1.8566,2.3682,2.2028,2.3968,,,,,
03:05,1.8608,1.8206,1.8048,2.1246,2.0967,2.1140,2.6446,2.6892,2.6670,2.2029,2.5067,3.3686,2.5670,3.0470,2.6936,1.8784,2.2049,2.5660,1.9200,2.7678,2.4569,1.6999,2.2328,2.7447,1.8215,2.6500,3.0964,2.1900,2.4986,2.3600,2.1600,2.4310,2.9755,1.8255,2.1719,1.9432,2.4817,,,,,
03:10,1.8264,1.7381,1.7686,2.1368,2.1294,2.2338,2.4972,2.8101,2.4971,1.8598,2.3804,3.5298,2.5260,3.2212,2.5888,2.0701,2.8600,3.2025,1.9400,2.7618,2.6471,1.4993,2.1472,2.6454,1.8616,2.5900,2.3644,2.2800,2.6202,2.3806,1.9600,2.4122,2.6710,1.7508,2.0781,2.1380,2.4085,,,,,
03:15,1.8179,1.7329,1.7854,1.9948,2.2248,2.2216,2.5154,2.6885,2.8469,2.1356,2.5234,3.1488,2.5779,2.7856,2.6072,2.0052,2.6653,2.9097,1.9800,2.3756,2.2766,1.8537,1.9750,2.6856,1.9687,2.5400,2.5258,2.3300,2.6689,2.5874,2.3800,2.2479,2.6692,1.7352,2.0485,2.0710,2.3916,,,,,
03:20,1.7613,1.9555,1.7336,1.9019,2.0969,1.8525,2.3651,2.7912,2.6912,2.0335,2.4878,3.2943,2.4433,3.1233,2.5971,2.1596,2.0110,2.8216,2.1200,2.5132,3.0071,1.6671,2.0404,2.3349,1.7607,2.4300,2.7528,2.2700,2.3652,2.6188,2.1500,2.6188,2.8256,1.7815,2.3105,2.1406,2.5581,,,,,
03:25,1.7801,1.7694,1.8476,1.9638,2.1625,2.5215,2.7235,2.8736,2.7418,2.0544,2.6108,3.3021,2.5086,3.7491,2.6703,2.1083,2.5155,2.9646,1.9300,2.4629,2.6336,1.6777,2.1277,2.6504,1.9389,2.3800,2.7040,2.0800,3.0228,2.4102,2.1400,2.6016,2.7529,1.6666,2.2135,2.0517,2.4090,,,,,
03:30,1.7640,1.7204,1.8180,2.0573,2.2068,1.8260,2.5048,2.7293,2.8154,1.9513,2.6168,3.6402,2.5728,2.8079,2.7713,2.0511,2.4932,2.5935,2.0500,2.6867,2.6737,1.7687,2.0666,2.6607,1.8724,2.6500,2.5560,2.1500,2.7708,2.5622,2.1100,2.5438,3.0328,1.7885,2.2970,2.1698,2.3956,,,,,
03:35,1.7832,1.8664,1.6283,1.8231,2.0531,2.3676,2.2850,3.1747,2.6955,2.2233,2.5630,3.1798,2.3727,3.5023,2.6459,1.9810,2.5315,2.4539,2.1600,2.5423,2.2954,1.7475,2.1293,2.5166,1.8336,2.7800,2.6623,2.0900,2.5631,2.4591,2.1900,2.5069,2.6880,1.7917,2.2322,1.6275,2.4502,,,,,
03:40,1.8896,1.7935,1.7688,2.1662,2.0635,2.2781,2.3106,2.7327,2.6990,2.1691,2.5508,3.4403,2.4198,3.2906,2.6405,2.0176,2.2807,2.6680,2.0500,2.4554,2.4454,1.6325,2.1028,2.5468,1.6480,2.7800,3.0582,2.1900,2.7330,2.3419,1.7800,2.4968,2.5991,1.7257,2.2110,2.4139,2.4928,,,,,
03:45,1.8640,1.8001,1.7457,1.7117,1.9532,2.2688,2.3251,2.7458,2.6619,2.2730,2.4662,3.0770,2.4257,3.0450,2.7985,1.9717,2.4676,2.1507,1.9800,2.5769,2.3029,1.6251,2.1739,2.5305,1.8792,2.5600,2.7086,2.2100,2.6911,2.5380,2.4200,2.5447,2.5537,1.8060,2.1871,2.1507,2.4354,,,,,
03:50,1.7736,1.8451,1.7162,2.0194,2.1169,2.1849,2.6695,2.5637,2.6777,1.9630,2.4865,3.2041,2.5000,2.9271,2.6893,1.9486,2.6041,2.6721,1.8600,2.4861,2.5706,1.6170,2.0222,1.5823,2.0301,2.5500,2.9693,2.0400,2.7217,2.3915,2.0900,2.0818,2.6325,1.6814,2.1748,1.9263,2.3456,,,,,
03:55,1.8558,1.8228,1.7270,1.9972,2.1724,2.0930,2.3924,2.6395,2.7313,2.1687,2.4455,3.2105,2.4728,1.9311,2.6237,2.0115,2.6153,2.9480,2.0000,2.3792,2.5430,1.7549,1.9333,3.2549,1.7433,2.5700,2.6573,2.0900,2.7935,2.3477,2.0900,2.5943,2.8606,1.9054,2.2367,1.9652,2.2653,,,,,
04:00,1.7318,1.7585,1.7292,1.9741,2.1515,2.0206,2.1919,2.6959,2.8022,2.0801,2.3836,3.2764,2.5200,3.6660,2.7012,2.0163,2.3010,2.9977,2.0000,2.4770,2.1503,1.6230,2.0442,2.6893,1.5773,2.7600,2.7341,2.1300,2.5803,2.4279,2.0900,2.4649,2.3669,1.7992,2.2334,2.2864,2.4640,,,,,
04:05,1.7713,1.7121,1.7241,2.0013,1.8953,1.9725,2.3689,2.6082,2.8346,1.9681,2.1653,2.8128,2.2417,3.1112,2.5542,1.8492,2.2795,2.9906,1.8000,2.4568,2.4029,1.5940,2.0553,2.5354,1.6934,2.4400,2.1304,2.4300,2.4749,2.1274,2.0300,2.4386,2.3077,1.8624,2.1485,1.9891,2.3542,,,,,
04:10,1.6065,1.6266,1.4296,1.6406,1.6013,1.5791,2.4862,2.2812,2.8151,1.7496,1.8564,2.4095,1.7054,2.0083,2.0918,1.7844,1.6791,2.0875,1.6300,2.0962,1.9661,1.5108,1.8076,2.4579,1.5690,2.6200,2.0029,1.4100,2.5829,1.5930,2.0900,1.3706,1.8322,1.4363,1.7294,1.7228,2.0160,,,,,
04:15,0.9541,1.0204,1.1083,1.1455,1.3848,1.1852,1.3604,1.5463,2.9981,1.6083,1.5941,2.1041,1.5711,1.6938,1.9001,1.3758,1.4051,1.9697,1.2300,1.4268,1.2854,1.3665,1.5140,1.3369,0.9212,1.6300,2.1774,1.4300,1.7400,1.4142,1.4900,1.7675,1.4615,1.1943,1.5032,1.6129,1.8227,,,,,
04:20,0.8685,0.8333,1.1379,1.3449,1.7123,1.1413,1.2503,1.3904,1.8919,1.4530,1.3461,2.0691,1.3824,1.3319,1.6717,1.1800,1.5013,2.1452,1.1000,1.4785,1.1188,1.1661,1.1591,1.0651,1.3575,1.6000,1.4132,1.4100,1.9374,1.1275,1.5000,1.6287,1.2813,1.0154,1.5293,1.4264,1.4060,,,,,
04:25,0.9429,1.0773,1.0658,1.2313,1.3301,1.1614,1.2992,1.5369,1.2208,1.3952,1.3261,2.1347,1.7084,1.6030,1.4133,1.2563,1.5786,1.2307,1.1500,1.1459,1.5062,1.1581,1.2358,1.1212,0.7169,1.8800,0.6568,1.1100,1.5287,1.2867,1.4600,1.5011,1.3528,1.2796,1.2877,1.2143,1.5468,,,,,
04:30,0.9375,1.0289,1.0174,1.3143,1.1224,1.2999,1.4868,1.1284,1.3000,1.5287,1.3877,1.4767,1.4794,1.4194,1.2869,1.0843,1.4966,1.6238,1.0000,0.9452,0.9053,1.0918,1.1592,0.7058,0.7901,1.8100,1.6108,1.2700,1.7469,1.1888,1.9300,1.8102,1.5894,0.9894,1.4862,1.4346,1.7140,,,,,
04:35,1.0580,0.8422,0.9074,1.1333,1.2535,1.2331,0.9089,1.3930,1.2788,1.1750,1.3306,1.8367,1.3503,1.3276,1.3591,1.1490,1.4446,1.0500,0.9000,1.8459,1.2869,1.0853,0.8377,1.5077,0.9153,1.6100,1.4583,1.0200,1.5508,1.0357,1.3700,1.5522,1.7771,1.0233,1.2983,1.4469,1.7058,,,,,
04:40,0.5351,0.9630,0.8121,1.0065,1.3946,1.1304,0.8877,1.1047,1.2885,1.1068,1.3266,1.7116,1.0560,0.9998,1.5229,0.8973,1.2069,1.6351,1.2200,1.3795,1.0256,0.8970,1.2286,1.3275,0.8328,1.0600,1.7460,1.1200,1.3093,1.5448,1.4700,1.2324,0.6372,1.0071,1.1124,1.2078,1.0266,,,,,
04:45,0.4801,0.7855,0.7217,0.9163,1.4210,0.9926,0.7521,1.3485,1.5255,0.8985,1.2425,1.0899,0.9879,0.9303,0.9949,0.9227,1.0401,1.7331,0.9900,1.3851,1.2480,0.7864,0.9681,0.5089,0.5477,1.1300,0.9388,1.2200,1.2881,0.9269,1.1700,1.0435,1.3203,0.7314,1.0495,1.0022,0.9993,,,,,
04:50,1.3503,0.7033,0.6912,0.7190,1.4704,0.9801,1.0987,1.1582,1.4029,0.7710,1.1832,1.6798,0.9554,1.2733,1.1116,0.9748,1.0515,1.4768,0.8600,0.8760,1.2236,0.7224,0.8110,1.0670,0.7531,1.4600,2.1158,0.9800,1.0307,0.8381,1.0400,0.9296,0.7563,1.2275,1.0251,0.8334,0.9294,,,,,
04:55,0.5320,0.6250,0.6020,0.5508,1.0647,0.7363,0.7325,0.9317,1.0258,0.7336,1.2648,1.3207,0.8826,1.1338,1.3028,0.9812,1.0662,1.2491,0.7200,0.7411,0.6565,0.9708,0.8000,0.9507,0.8282,0.7800,1.1323,0.9900,1.2298,0.6022,1.0900,0.8570,1.0947,0.5804,0.9046,0.7695,1.1105,,,,,
05:00,0.4772,0.6116,0.5536,0.8977,1.0433,0.8749,0.8178,0.9454,1.0214,0.6916,1.4025,1.8773,0.8447,1.0405,1.5005,0.8100,1.2026,1.3485,0.7600,1.1508,1.0099,0.8328,0.3764,0.2083,0.7852,0.9000,0.8583,1.4200,0.9135,1.2496,1.0500,0.7417,0.5444,1.0254,0.9069,0.9196,0.9667,,,,,
05:05,0.9299,0.8559,0.6661,0.6190,1.1384,1.0412,0.9885,2.0516,1.0929,1.1562,1.4631,1.5759,1.4514,1.2926,1.4026,1.0962,1.2086,1.4811,0.5600,1.4460,2.2941,0.7487,0.7349,0.6795,0.7623,2.3600,1.2264,1.0700,1.6271,1.3845,1.2300,1.2730,0.3132,1.1303,1.1064,1.0130,1.0389,,,,,
05:10,1.1738,1.3808,1.1249,1.3958,1.6951,1.8368,1.8278,2.3593,1.5610,1.3480,1.4289,2.3648,2.0718,2.0169,1.7543,1.2964,1.8887,1.9575,1.2200,2.3250,2.2941,1.2614,1.9754,2.1711,1.6800,2.0300,2.2346,1.2300,2.3422,1.7606,1.4100,1.8185,0.8481,1.4216,1.3977,1.6427,1.1707,,,,,
05:15,1.3769,1.3951,1.2800,1.7606,1.5508,1.6840,2.2924,2.4116,1.3321,1.3991,1.6715,2.1582,2.0831,2.3110,2.0325,1.2715,1.9360,2.3467,1.5500,1.7745,2.4390,1.6259,1.8640,2.5587,1.4395,1.8500,1.7037,1.5900,2.1640,2.2725,1.4900,1.7190,1.6245,1.4228,1.7707,1.7378,1.4805,,,,,
05:20,1.4669,1.5807,1.2927,1.6181,1.8291,1.5917,2.2018,2.4616,2.1848,1.6727,2.1605,2.6267,1.9613,2.4942,1.8697,1.5567,2.1188,2.6526,1.7300,2.6250,2.6364,1.5376,1.7127,2.4662,1.6139,1.9600,1.9790,1.6400,2.3943,2.1968,1.7900,1.8424,2.4741,1.6555,1.6571,1.6409,1.5423,,,,,
05:25,1.8080,1.8453,1.4933,1.8216,1.9581,2.1025,2.2592,2.7966,2.3955,2.1573,2.4327,3.1354,2.1445,2.7971,2.3992,1.7561,2.5956,3.1934,1.8400,3.0490,2.6386,1.6898,2.1388,2.6281,1.9737,2.3500,2.6887,2.2700,2.7046,2.4795,1.9300,2.3602,2.5399,1.7263,1.7329,1.8115,1.6364,,,,,
05:30,2.0325,2.1968,1.8390,2.1272,2.3834,2.3010,2.4318,3.1165,2.4322,2.2046,2.7724,3.5584,2.3739,3.2231,2.7007,2.0688,2.9649,3.6096,2.1800,3.5139,2.7724,1.8869,2.7212,2.9390,2.1480,2.7100,3.0355,2.4900,3.0351,3.0025,2.1900,2.7493,2.6728,2.1372,2.2552,2.1087,1.9430,,,,,
05:35,2.1445,2.4557,2.0324,2.4506,2.4707,2.4078,2.8163,3.3248,2.8750,2.4365,2.9805,3.8854,2.5581,3.4787,2.9859,2.3213,2.8632,3.6776,2.5100,3.6338,3.2809,1.9663,2.9082,3.1931,2.2640,3.0000,3.5034,2.5100,3.4801,3.1985,2.4500,3.2956,2.8706,2.3281,2.5632,2.2178,2.2118,,,,,
05:40,2.2975,2.4837,2.1443,2.5191,2.5754,2.7767,3.1838,3.5698,3.2208,2.6817,3.1150,3.9671,2.9033,3.5656,3.0888,2.3357,3.3558,3.7651,2.7100,3.6911,3.1368,1.9224,3.0419,3.4393,2.4213,3.1100,3.4912,2.5600,3.5343,3.4427,2.5700,3.4302,3.2860,2.4001,2.7373,2.4900,2.5833,,,,,
05:45,2.4286,2.5624,2.3314,2.7036,2.6255,2.8242,3.4324,3.6968,3.3809,2.7134,3.2677,4.0427,2.9489,3.5832,3.1670,2.3591,3.4154,3.8469,2.8600,3.8950,3.6123,2.2197,3.3112,3.5309,2.4807,3.3600,3.7981,2.6000,3.5751,3.6648,2.7000,3.5374,3.4770,2.5378,2.9616,2.6047,2.6688,,,,,
05:50,2.4428,2.5114,2.3009,2.8480,2.7122,2.8881,3.6087,3.8046,3.7635,2.8281,3.4034,4.1146,3.1133,3.7598,3.3460,2.4193,3.4739,4.1287,3.0000,4.0251,3.6266,2.2468,3.4250,3.8095,2.4533,3.4000,3.8504,2.7400,3.5812,3.7203,2.7800,3.7087,3.7557,2.5918,2.9955,2.6909,2.8309,,,,,
05:55,2.6721,2.5640,2.4261,2.9012,2.9625,3.0722,3.6707,3.9062,3.6641,2.8205,3.5103,4.2695,3.1053,3.8775,3.4836,2.5010,3.4877,3.9661,2.9400,3.9363,3.3508,2.2455,3.4330,3.7993,2.5860,3.6600,3.8935,2.6700,3.6342,3.8831,2.8700,3.8802,3.9051,2.6346,3.1507,2.7110,2.9644,,,,,
06:00,2.6780,2.6324,2.4836,2.9343,2.8969,3.0431,3.8054,3.8802,3.9432,2.7871,3.5746,4.4169,3.1930,3.8404,3.2590,2.5101,3.4448,4.0855,3.1100,3.9609,3.6679,2.2162,3.5136,3.7770,2.5871,3.6300,3.9160,2.8000,3.7521,3.9149,2.8700,3.8866,3.9721,2.5981,3.0631,2.7612,3.1065,,,,,
06:05,2.6306,2.8293,2.5148,2.9539,2.9180,3.1916,3.9277,3.9544,3.9009,2.9403,3.6213,4.5832,3.3074,3.9733,3.3838,2.5242,3.7344,4.2580,3.0800,4.0124,3.7757,2.3534,3.6436,3.9328,2.5879,3.5800,3.9720,2.7400,3.7714,3.8619,2.7800,4.0209,4.0244,2.7236,3.1794,2.8333,3.2006,,,,,
06:10,2.7105,2.8692,2.4642,3.0892,2.9285,3.1426,4.0009,3.9890,3.8577,2.8987,3.6324,4.5188,3.3079,3.9492,3.5307,2.5749,3.8141,4.1857,3.0300,4.0662,3.5872,2.4037,3.6216,3.9192,2.5950,3.5200,4.1274,2.7700,3.9116,4.0056,2.8600,4.0425,4.1087,2.8301,3.2721,2.7679,3.2246,,,,,
06:15,2.7586,2.8013,2.5113,3.0460,2.9270,3.1385,4.0783,4.0056,3.9764,2.9196,3.6177,4.6817,3.3349,3.7749,3.5421,2.5669,3.6633,4.2209,3.0700,4.0226,3.7360,2.2802,3.6928,4.2152,2.6021,3.8100,4.1491,2.9300,4.0876,4.0084,2.8800,4.0108,4.1169,2.7588,3.2016,2.8448,3.2101,,,,,
06:20,2.7432,2.8493,2.6111,3.0016,3.0936,3.2943,4.0491,4.1545,4.1172,2.9905,3.6430,4.5343,3.2187,3.9666,3.5370,2.6438,3.8147,4.1636,3.1700,3.9833,3.6633,2.4526,3.7660,4.1535,2.6325,3.7600,4.2060,2.8900,4.1011,4.1293,2.8600,4.0122,4.1646,2.7967,3.2558,2.8393,3.0940,,,,,
06:25,2.7501,2.9187,2.6668,3.0576,3.0837,3.2582,4.1755,4.0381,4.0741,3.0153,3.7108,4.8769,3.4937,3.8895,3.7389,2.6366,3.8244,4.2249,3.2700,4.1071,3.8607,2.3853,3.7422,3.6016,2.6794,3.9000,4.1962,2.9800,4.2215,4.0560,2.9300,4.1341,4.2423,2.8096,3.2400,2.8782,3.5291,,,,,
06:30,2.7251,2.8348,2.5897,3.0496,3.0421,3.2963,4.1724,4.1183,4.1077,2.9938,3.7319,4.7241,3.5334,4.0385,3.6421,2.6551,3.8514,4.3362,3.2900,3.9314,4.2643,2.4016,3.9580,4.2199,2.6732,3.8600,4.2062,3.0700,4.1109,4.1277,2.8900,4.1835,4.2369,2.8601,3.3880,2.9012,3.3687,,,,,
06:35,2.7375,2.8739,2.5933,3.0545,3.2484,3.3019,4.1957,4.1231,4.1539,2.9968,3.8079,4.7776,3.4690,4.0581,3.6773,2.7494,3.8438,4.3927,3.2800,3.8714,4.0580,2.3234,3.8744,4.1492,2.6728,3.8900,4.3200,3.0700,4.2413,4.0311,2.9100,4.2624,4.2414,3.0336,3.3299,2.9478,3.3790,,,,,
06:40,2.7951,2.9479,2.6351,3.1154,3.0159,3.2885,4.1466,4.2361,4.2282,3.0477,3.8340,4.7913,3.4136,4.1664,3.4015,2.7498,4.0045,4.3173,3.2200,3.9078,4.1349,2.4455,3.7803,4.3468,2.8598,3.9700,4.2597,3.1400,4.3879,3.9848,2.9000,4.2211,4.2833,2.8416,3.3899,3.0332,3.4892,,,,,
06:45,2.8084,2.8767,2.6007,3.1381,3.0105,3.3759,4.2008,4.2185,4.3135,3.0124,3.8920,4.6205,3.4358,4.1565,3.4515,2.6808,4.0192,4.2925,3.2000,3.9654,4.2778,2.4555,3.8908,4.2717,2.7771,3.9500,4.3410,3.0700,4.1386,4.2051,2.9800,4.2565,4.3245,2.8562,3.2878,2.9873,3.4969,,,,,
06:50,2.7167,2.8623,2.5420,3.1292,3.1360,3.3308,4.2122,4.2274,4.3820,3.0496,3.9097,4.6874,3.5915,4.1681,3.4810,2.6796,3.8240,4.3303,3.2800,3.9984,4.1494,2.4773,4.0230,4.1718,2.7306,4.0100,4.3224,3.1300,4.1225,4.0506,3.0400,4.2493,4.3256,2.9894,3.3247,2.9481,3.5166,,,,,
06:55,2.8040,2.8654,2.7375,3.1460,3.1889,3.2971,4.2396,4.2003,4.2626,3.0301,3.9264,4.7140,3.5589,4.1556,3.4860,2.7895,3.7862,4.4752,3.3300,4.0983,3.9603,2.4639,3.9808,4.2049,2.7784,3.9800,4.3579,3.1100,4.2495,4.1054,2.9800,4.4845,4.3453,2.9268,3.3503,3.0111,3.5604,,,,,
07:00,2.7876,2.9408,2.7377,3.0951,3.1898,3.2880,4.2671,4.2512,4.1874,3.0076,3.9535,4.8043,3.5922,4.0463,3.5123,2.7748,4.0744,4.4830,3.3600,4.1186,4.0659,2.4269,3.9766,4.2094,2.7963,4.0600,4.4557,3.1200,4.2583,4.0471,2.9300,4.5554,4.3708,2.9308,3.3872,2.9706,3.5600,,,,,
07:05,2.7638,2.9205,2.6692,3.2094,3.0710,3.2802,4.2945,4.1651,4.2515,3.0515,3.8925,4.8456,3.4305,3.9849,3.5774,2.7718,4.0867,4.3674,3.3000,4.1324,4.1731,2.4900,3.9882,4.2404,2.9247,4.0200,4.4150,3.1600,4.2236,4.1538,2.9700,4.4261,4.3816,2.9794,3.6543,2.9445,3.5569,,,,,
07:10,2.8729,2.9019,2.6761,3.1573,3.2255,3.3331,4.3286,4.2751,4.2382,3.1244,3.9140,4.6832,3.4692,3.9388,3.5579,2.7979,4.0538,4.4763,3.3500,4.2431,3.9447,2.5165,3.9691,4.2135,2.8809,4.0400,4.4508,3.0300,4.2852,4.2223,2.9500,4.3483,4.4058,2.9404,3.4259,3.0122,3.6397,,,,,
07:15,2.7334,2.9141,2.7222,3.1399,3.2604,3.2861,4.3972,4.3007,4.4024,3.1232,3.9359,4.8423,3.4611,4.1654,3.5616,2.8365,4.2800,4.4096,3.3200,4.6459,4.1383,2.4824,4.0052,4.2490,2.8883,4.1300,4.5440,3.0900,4.6076,4.1955,3.2500,4.5381,4.4551,3.0502,3.3868,2.9872,3.6153,,,,,
07:20,2.9128,2.8763,2.7592,3.1828,3.2489,3.3417,4.2369,4.3143,4.3860,3.0485,3.8937,4.6308,3.5327,4.1296,3.5312,2.8497,4.4310,4.3772,3.4400,4.1799,3.9853,2.5099,4.0186,4.2063,2.8566,4.1400,4.5355,3.1600,4.5057,4.2125,3.2000,4.4891,4.4722,3.0037,3.5663,2.9945,3.5428,,,,,
07:25,2.8259,2.9092,2.7120,3.1453,3.4393,3.3882,4.2238,4.2807,4.2894,3.0859,3.9397,4.7813,3.5350,4.1117,3.5606,2.8660,4.1868,4.4443,3.5400,4.1535,3.9859,2.5024,4.0564,4.2370,2.8574,4.0900,4.4869,3.1200,4.5761,4.3045,3.0700,4.5029,4.4233,3.0147,3.4545,2.9922,3.5515,,,,,
07:30,2.8012,2.9914,2.7472,3.1495,3.2972,3.3763,4.3094,4.3122,4.3630,3.1498,3.9372,4.8370,3.5883,4.2432,3.5045,2.8365,4.2052,4.4636,3.5100,4.1032,4.1988,2.5315,4.0812,4.1674,2.8419,4.0500,4.4960,3.1500,4.3417,4.2995,3.1400,4.5694,4.4542,2.9970,3.5499,2.9624,3.9262,,,,,
07:35,2.8683,2.9324,2.7530,3.1171,3.2995,3.3868,4.4114,4.2011,4.3473,3.1784,3.9046,4.9214,3.5598,4.1855,3.6152,2.7910,4.0840,4.5576,3.4500,4.3097,4.1317,2.5564,4.1404,4.3219,2.7801,4.1500,4.5553,3.3200,4.2957,4.3064,3.2100,4.4881,4.4707,2.9810,3.4897,3.0044,3.6832,,,,,
07:40,2.9150,2.9561,2.7048,3.1306,3.2919,3.4047,4.4063,4.3932,4.3712,3.2016,3.9848,4.8850,3.5289,4.2051,3.8300,2.8835,4.2862,4.4687,3.4600,4.2042,4.0099,2.5530,4.1709,4.3401,2.8366,4.2000,4.5380,3.2500,4.1742,4.3574,3.2100,4.5189,4.4434,2.9871,3.4270,2.9871,3.6190,,,,,
07:45,2.8832,3.0181,2.8231,3.1658,3.2767,3.3909,4.4044,4.4492,4.3867,3.1589,3.9278,4.9455,3.6991,4.2221,3.9099,2.8465,4.1012,4.4383,3.4900,4.3238,3.9598,2.5154,4.1165,4.1689,2.8331,4.1700,4.5587,3.3000,4.2550,4.4005,3.1000,4.4990,4.5048,2.9781,3.5606,2.9472,3.6308,,,,,
07:50,2.9610,2.9145,2.7727,3.2007,3.3172,3.3397,4.4064,4.4266,4.3189,3.1462,3.8869,4.9017,3.7732,4.3025,3.8702,2.8339,4.2435,4.4336,3.4900,4.1406,3.9788,2.5812,4.2305,4.2939,2.8261,4.1500,4.6952,3.3100,4.3862,4.3798,3.2000,4.5661,4.5453,2.9786,3.5014,2.9822,3.6901,,,,,
07:55,2.9179,2.9508,2.6938,3.2150,3.3774,3.3632,4.5636,4.4269,4.3042,3.1704,3.8753,4.9711,3.7681,4.1634,3.9884,2.8079,4.2718,4.5253,3.4900,4.1197,4.2974,2.5105,4.1962,4.4328,2.8176,4.1900,4.6653,3.2500,4.4343,4.4145,3.1800,4.6116,4.4512,2.9505,3.5268,3.0008,3.6796,,,,,
08:00,2.9212,3.0047,2.7312,3.1628,3.4095,3.4131,4.4515,4.3982,4.3572,3.1857,3.7810,4.9805,3.7685,4.3624,3.6195,2.8292,4.2141,4.6000,3.4600,4.1371,4.2603,2.5532,4.0592,4.3750,2.7511,4.2100,4.6495,3.4000,4.4775,4.3388,3.1900,4.5259,4.4996,3.0085,3.4409,2.9607,3.5669,,,,,
08:05,2.9130,2.9893,2.7307,3.0928,3.2573,3.4287,4.5142,4.1993,4.4123,3.1573,3.7702,4.9401,3.8104,4.3354,3.6011,2.7615,4.0675,4.7040,3.4600,4.1522,4.1057,2.5266,4.1803,4.3923,2.8521,4.2200,4.6058,3.3700,4.4926,4.3246,3.2400,4.5884,4.5798,3.0056,3.5641,2.9441,3.5951,,,,,
08:10,2.8918,2.9720,2.7571,3.1489,3.2296,3.3841,4.5402,4.5188,4.3229,3.2247,3.7920,4.9827,3.7503,4.3603,3.7052,2.8445,4.2475,4.6625,3.3800,4.1849,4.0412,2.5526,4.2116,4.3125,2.9531,4.1500,4.5814,3.3800,4.3317,4.3439,3.1700,4.6049,4.5401,3.0154,3.4623,3.0060,3.6648,,,,,
08:15,2.9916,2.9898,2.7998,3.1215,3.2565,3.4483,4.4989,4.5435,4.2926,3.2014,3.7821,4.9864,3.7341,4.3784,3.5433,2.8797,4.2311,4.6429,3.3500,4.1494,4.0264,2.4928,4.1961,4.2786,2.8844,4.1100,4.7051,3.4100,4.2352,4.3909,3.2400,4.6083,4.5763,3.0339,3.5395,2.9397,3.7814,,,,,
08:20,2.8723,2.9649,2.7547,3.1224,3.3657,3.5090,4.4907,4.4224,4.4917,3.2436,3.8366,4.8697,3.6985,4.3007,3.6462,2.8736,4.2460,4.7096,3.4700,4.2770,4.1014,2.5348,4.3884,4.3253,2.8236,4.0300,4.6080,3.2200,4.3159,4.4183,3.2400,4.6755,4.5960,3.0333,3.5583,3.0004,3.8127,,,,,
08:25,3.0263,2.9966,2.8170,3.1518,3.3254,3.3846,4.5822,4.4799,4.5621,3.1625,3.8875,5.0028,3.8866,4.3842,3.7003,2.9207,4.2531,4.7646,3.5500,4.2245,4.1818,2.5340,4.4109,4.3766,2.8708,4.0400,4.5000,3.3700,4.5241,4.4228,3.1500,4.5803,4.6292,3.0342,3.5109,3.0028,3.8335,,,,,
08:30,3.0075,2.9854,2.7943,3.1129,3.4311,3.3889,4.5108,4.4697,4.4470,3.2991,3.9051,4.9817,4.0073,4.5114,3.6004,2.8513,4.3286,4.7499,3.5700,4.1938,4.1533,2.5475,4.4270,4.4225,2.7903,4.0800,4.5420,3.3100,4.5295,4.5018,3.1100,4.6284,4.6955,3.1094,3.5186,2.9588,3.8574,,,,,
08:35,2.9755,2.9987,2.7810,3.2003,3.2791,3.5042,4.5568,4.5332,4.4384,3.2689,3.9577,5.0745,3.9431,4.4707,3.6732,2.8454,4.1579,4.5906,3.5600,4.2150,4.2468,2.5246,4.5248,4.4080,2.8700,4.0600,4.4974,3.3100,4.4170,4.4347,3.2200,4.7887,4.6928,3.1847,3.4667,2.9747,3.7704,,,,,
08:40,3.0043,3.0286,2.8049,3.1766,3.2614,3.5514,4.6247,4.6019,4.4029,3.2528,3.9385,5.0868,3.7680,4.5656,4.2082,2.7693,4.2845,4.6000,3.4700,4.3629,4.1377,2.5063,4.5526,4.2905,2.8883,4.0500,4.5540,3.3000,4.4243,4.5343,3.3700,4.6938,4.6677,3.0932,3.5079,2.9611,3.8075,,,,,
08:45,3.0551,3.0097,2.8429,3.1208,3.2647,3.5259,4.5947,4.5146,4.5262,3.3157,3.9603,5.0198,3.8386,4.6136,4.0878,2.7408,4.3509,4.5984,3.4100,4.1227,4.1072,2.5061,4.5430,4.3013,2.9403,4.0300,4.7140,3.3200,4.2157,4.3595,3.3800,4.5231,4.8010,3.0870,3.5146,2.9760,3.8083,,,,,
08:50,3.0629,2.9895,2.7833,3.1790,3.2980,3.4980,4.6230,4.6458,4.5324,3.2484,4.0164,5.2080,3.9524,4.6617,4.2011,2.7840,4.3997,4.6048,3.4800,3.9633,4.3014,2.5070,4.5956,4.3087,2.8094,4.1800,4.8137,3.3500,4.6731,4.3826,3.3200,4.4728,4.6354,3.0609,3.5114,2.9309,3.8204,,,,,
08:55,3.0733,2.9771,2.7987,3.0238,3.2721,3.5708,4.6164,4.6939,4.5138,3.1644,4.0743,5.2800,3.9569,4.6264,4.2007,2.8340,4.2844,4.6811,3.5800,3.8953,4.2632,2.4946,4.5653,4.4539,2.8996,4.3100,4.7169,3.3800,4.3284,4.4568,3.2500,4.5235,4.6466,3.0848,3.5812,3.0010,3.8143,,,,,
09:00,3.0797,2.9550,2.8572,3.1217,3.2156,3.5154,4.5304,4.7110,4.4028,3.2312,4.1238,5.3364,3.8475,4.6486,3.9775,2.8632,4.3260,4.7024,3.5200,3.8039,4.1917,2.4086,4.6222,4.6363,2.8708,4.2700,4.7034,3.3700,4.6103,4.4511,3.2500,4.4869,4.6639,3.1654,3.5691,2.9574,3.7702,,,,,
09:05,3.0099,2.9495,2.7584,3.0454,3.2168,3.6122,4.5148,4.6790,4.4749,2.9368,,4.9090,3.6071,4.5169,3.7943,2.6571,4.2238,4.7236,3.4300,4.0576,4.0811,2.2589,4.4933,4.5767,2.7040,4.2600,4.5156,3.3600,4.5966,4.3387,3.2300,4.3109,4.5874,3.0139,3.4747,2.3324,3.9100,,,,,
09:10,2.5159,2.3133,2.5426,2.6634,2.8292,2.7955,,3.9098,4.6794,2.7313,,4.1344,,4.0780,3.4730,2.3362,3.8771,4.1994,2.9700,3.9708,3.3382,2.0787,4.2812,3.4805,2.5109,3.7900,,2.2300,4.3447,3.6613,3.0600,3.7036,3.7966,2.8550,3.3776,1.5947,3.9165,,,,,
09:15,2.4085,2.0113,2.1122,2.5575,2.5107,2.2706,,,3.6205,,,,,,,,,3.7720,,3.5043,,,3.9950,2.7462,,3.5700,,0.0000,,,1.9800,,2.9697,2.5886,3.3815,,3.4112,,,,,
09:20,,,,,2.2707,1.8476,,,3.0127,,,,,,,,,,,3.4431,,,3.9950,,,,,,,,,,2.9418,2.4816,3.0635,,3.1718,,,,,
09:25,,,,,,,,,,,,,,,,,,,,3.6721,,,,,,,,,,,,,3.2186,2.2597,,,3.2308,,,,,
09:30,,,,,,,,,,,,,,,,,,,,3.6721,,,,,,,,,,,,,,,,,,,,,,
09:35,,,,,,,,,,,,,,,,,,,,3.6721,,,,,,,,,,,,,,,,,,,,,,
09:40,,,,,,,,,,,,,,,,,,,,,,,,,,,,,,,,,,,,,,,,,,
09:45,,,,,,,,,,,,,,,,,,,,,,,,,,,,,,,,,,,,,,,,,,
09:50,,,,,,,,,,,,,,,,,,,,,,,,,,,,,,,,,,,,,,,,,,
09:55,,,,,,,,,,,,,,,,,,,,,,,,,,,,,,,,,,,,,,,,,,
10:00,,,,,,,,,,,,,,,,,,,,,,,,,,,,,,,,,,,,,,,,,,
,,,,,,,,,,,,,,,,,,,,,,,,,,,,,,,,,,,,,,,,,,
,,,,,,,,,,,,,,,,,,,,,,,,,,,,,,,,,,,,,,,,,,
